Year,SERIES,Reference area,UNIT_MEASURE,GeoCode,Value
2017,Proportion of population living in households with access to secondary school [1.4.1],,Percent,,83.1
2017,Proportion of population living in households with access to health service [1.4.1],,Percent,,74.3
2017,Proportion of population living in households with access to improved water [1.4.1],,Percent,,78.1
2017,Proportion of population living in households with access to eletricity [1.4.1],,Percent,,93.4
2017,Proportion of population living in households with access to roads all seasons [1.4.1],,Percent,,83.4
