Year,SERIES,ເຂດອ້າງອີງ,ເພດ,UNIT_MEASURE,GeoCode,Value
2015,ຜູ້ ໃຊ້ ອິນ ເຕີ ເນັດ ຕໍ່ 100 ຄົນ ທີ່ ອາ ໄສ ຢູ່ [17.8.1],,,ເປີເຊັນ,,28.1
2015,ຜູ້ ໃຊ້ ອິນ ເຕີ ເນັດ ຕໍ່ 100 ຄົນ ທີ່ ອາ ໄສ ຢູ່ [17.8.1],,ຜູ້ຊາຍ,ເປີເຊັນ,,28.3
2015,ຜູ້ ໃຊ້ ອິນ ເຕີ ເນັດ ຕໍ່ 100 ຄົນ ທີ່ ອາ ໄສ ຢູ່ [17.8.1],,ຜູ້ຍິງ,ເປີເຊັນ,,27.9
2016,ຜູ້ ໃຊ້ ອິນ ເຕີ ເນັດ ຕໍ່ 100 ຄົນ ທີ່ ອາ ໄສ ຢູ່ [17.8.1],,,ເປີເຊັນ,,19.0
2017,ຜູ້ ໃຊ້ ອິນ ເຕີ ເນັດ ຕໍ່ 100 ຄົນ ທີ່ ອາ ໄສ ຢູ່ [17.8.1],,,ເປີເຊັນ,,26.0
2018,ຜູ້ ໃຊ້ ອິນ ເຕີ ເນັດ ຕໍ່ 100 ຄົນ ທີ່ ອາ ໄສ ຢູ່ [17.8.1],,,ເປີເຊັນ,,37.0
2019,ຜູ້ ໃຊ້ ອິນ ເຕີ ເນັດ ຕໍ່ 100 ຄົນ ທີ່ ອາ ໄສ ຢູ່ [17.8.1],,,ເປີເຊັນ,,49.0
