Year,SERIES,ເຂດອ້າງອີງ,UNIT_MEASURE,GeoCode,Value
2015,ອັດຕາການຕາຍຂອງແມ່ [3.1.1],,"ຕໍ່ 100,000 ຄົນ",,206
2016,ອັດຕາການຕາຍຂອງແມ່ [3.1.1],,"ຕໍ່ 100,000 ຄົນ",,196
2017,ອັດຕາການຕາຍຂອງແມ່ [3.1.1],,"ຕໍ່ 100,000 ຄົນ",,185
2018,ອັດຕາການຕາຍຂອງແມ່ [3.1.1],,"ຕໍ່ 100,000 ຄົນ",,72
2019,ອັດຕາການຕາຍຂອງແມ່ [3.1.1],,"ຕໍ່ 100,000 ຄົນ",,70
