Year,SERIES,ເຂດອ້າງອີງ,UNIT_MEASURE,GeoCode,Value
2015,ພະຍາດອັກເສບປອດ [3.3.2],,"ຕໍ່ 100,000 ຄົນ",,182
2016,ພະຍາດອັກເສບປອດ [3.3.2],,"ຕໍ່ 100,000 ຄົນ",,175
2017,ພະຍາດອັກເສບປອດ [3.3.2],,"ຕໍ່ 100,000 ຄົນ",,168
2018,ພະຍາດອັກເສບປອດ [3.3.2],,"ຕໍ່ 100,000 ຄົນ",,162
2019,ພະຍາດອັກເສບປອດ [3.3.2],,"ຕໍ່ 100,000 ຄົນ",,155
