Year,SERIES,ເຂດອ້າງອີງ,UNIT_MEASURE,GeoCode,Value
2015,ການປົກຫຸ້ມຂອງການບໍລິການສຸຂະພາບທີ່ຈໍາເປັນ: % ການປົກຫຸ້ມຂອງການດູແລAntenatal (ຢ່າງຫນ້ອຍ 4 ຢ້ຽມຢາມ),,ເປີເຊັນ,,52.0
2016,ການປົກຫຸ້ມຂອງການບໍລິການສຸຂະພາບທີ່ຈໍາເປັນ: % ການປົກຫຸ້ມຂອງການດູແລAntenatal (ຢ່າງຫນ້ອຍ 4 ຢ້ຽມຢາມ),,ເປີເຊັນ,,56.1
2017,ການປົກຫຸ້ມຂອງການບໍລິການສຸຂະພາບທີ່ຈໍາເປັນ: % ການປົກຫຸ້ມຂອງການດູແລAntenatal (ຢ່າງຫນ້ອຍ 4 ຢ້ຽມຢາມ),,ເປີເຊັນ,,62.2
2018,ການປົກຫຸ້ມຂອງການບໍລິການສຸຂະພາບທີ່ຈໍາເປັນ: % ການປົກຫຸ້ມຂອງການດູແລAntenatal (ຢ່າງຫນ້ອຍ 4 ຢ້ຽມຢາມ),,ເປີເຊັນ,,68.1
2019,ການປົກຫຸ້ມຂອງການບໍລິການສຸຂະພາບທີ່ຈໍາເປັນ: % ການປົກຫຸ້ມຂອງການດູແລAntenatal (ຢ່າງຫນ້ອຍ 4 ຢ້ຽມຢາມ),,ເປີເຊັນ,,70.4
2015,ການປົກຫຸ້ມຂອງການບໍລິການສຸຂະພາບທີ່ຈໍາເປັນ: % Measles &rubella (MR) coverage (%) ໃນບັນດາເດັກອາຍຸ 9-12 ເດືອນ,,ເປີເຊັນ,,80.0
2017,ການປົກຫຸ້ມຂອງການບໍລິການສຸຂະພາບທີ່ຈໍາເປັນ: % Measles &rubella (MR) coverage (%) ໃນບັນດາເດັກອາຍຸ 9-12 ເດືອນ,,ເປີເຊັນ,,59.7
